活跃日,首次活跃时间,UID,用户名,客户端版本,启动次数,悬停次数,点击次数,设备标识,系统版本,上报入库时间,最后更新时间,记录ID,备注
20260929,2026-09-29T09:12:55+08:00,1384379151,连军民,1.4.5,1,0,0,952EBCBD-5796-4798-9A00-F256A0813163,macOS 26.4,2026/09/29 09:13:00,2026/09/29 09:13:00,Ep,
20260928,2026-09-28T19:08:39+08:00,1388384821,陈施宇,1.4.5,1,4,1,DB3A10B6-7DE2-4327-A476-72AAB727D50F,macOS 14.4,2026/09/28 19:09:00,2026/09/28 21:09:00,ES,
20260928,2026-09-28T17:13:10+08:00,1388246874,李柯陆,1.4.5,9,13,0,3439FF0C-06F5-4E36-B5A9-41E2D7D7B0E7,macOS 26.6,2026/09/28 12:19:00,2026/09/28 20:43:00,C7,
20260928,2026-09-28T10:18:03+08:00,1388247479,战中成,1.4.3,1,9,6,98AB174E-0539-447C-A681-5C9C9EBEC359,macOS 26.0,2026/09/28 10:18:00,2026/09/28 16:44:00,C1,
20260928,2026-09-28T10:01:03+08:00,1385941986,鲜世丹,1.4.3,1,0,0,6AD520F1-B2AF-4C37-80AC-25509D22CCDB,macOS 15.3,2026/09/28 10:01:00,2026/09/28 10:01:00,Cw,
20260928,2026-09-28T09:39:29+08:00,1385942077,陶磊,1.4.3,7,25,21,CFB8ABD0-95F1-464A-AC8D-66E9F3008020,macOS 15.5,2026/09/28 10:35:00,2026/09/29 00:00:00,C3,
20260926,2026-09-26T10:08:39+08:00,1388246874,李柯陆,1.4.3,0,2,0,9654F1E7-3BA7-4411-B8D9-D178E075431A,macOS 26.6,2026/09/27 00:00:00,2026/09/27 00:00:00,Ck,
20260925,2026-09-25T03:08:49+08:00,1388246874,李柯陆,1.4.3,3,32,9,9654F1E7-3BA7-4411-B8D9-D178E075431A,macOS 26.6,2026/09/25 03:08:00,2026/09/26 00:00:00,Cc,
20260924,2026-09-24T18:24:25+08:00,1388246874,李柯陆,1.4.0,2,0,0,8EA8D5B3-40EA-4F46-A5B8-2833D5ABF625,macOS 26.6,2026/09/24 17:44:00,2026/09/24 18:32:00,BH,
20260102,2026-01-02T09:00:00+08:00,1388246874,李柯陆,1.3.0,5,3,2,8EA8D5B3-40EA-4F46-A5B8-2833D5ABF625,macOS 26.6,2026/09/24 18:24:00,2026/09/24 18:24:00,BM,
20260101,2026-01-01T08:30:00+08:00,1388246874,李柯陆,1.3.0,7,0,0,8EA8D5B3-40EA-4F46-A5B8-2833D5ABF625,macOS 26.6,2026/09/24 18:24:00,2026/09/24 18:24:00,BL,
20250101,2025-01-01T00:00:00+08:00,1388246874,李柯陆,0.0.0,0,0,0,seed-row,-,2026/09/24 17:43:00,2026/09/24 17:43:00,BF,种子行（建表时插的占位数据，非真实上报）
20000101,,diag-not-user,,0.0.0,0,0,0,curl-contract-test,-,2026/09/28 10:12:00,2026/09/28 10:12:00,Cy,接口连通性测试行（diag-not-user，非真实用户）
